Workbook

Sheet WBS
A1: WORK BREAKDOWN STRUCTURE — APLIKASI HELPDESK
A2: Take Home Programming Test — Software Engineer · Ciheul Technologies · Kandidat: Fanadillah · Disusun 22 Oktober 2026 · Batas pengumpulan 25 Oktober 2026
A3: Ruang lingkup: Live Chat Widget (JavaScript) + Web App agent + Mobile App (Flutter), realtime lintas kanal, SQLite. Estimasi dalam jam-orang; eksekusi solo 4 hari memprioritaskan Must, didukung AI sesuai aturan soal.
A4: Kode | B4: Level | C4: Nama Item / Modul / Fitur | D4: Deskripsi | E4: Ref BPMN | F4: Prioritas | G4: Estimasi (jam) | H4: Dependency | I4: Acceptance Criteria | J4: Target Hari | K4: Status
A5: 1 | B5: 1 | C5: Aplikasi Helpdesk (widget, web, mobile) | D5: Live Chat Widget + Web App (agent) + Mobile App realtime, seluruh fitur wajib dan fitur opsional pada instruksi take home test. | E5: Pool | F5: Must | G5: 104.5 | H5: — | I5: Semua deliverable terkumpul: BPMN PDF, WBS XLSX, source code 1 repo, APK. | J5: Hari 1-4 | K5: In Progress
A6: 1.1 | B6: 2 | C6: Analisis & Desain | D6: Pemodelan proses bisnis, arsitektur, skema data, dan kontrak integrasi. | E6: BPMN | F6: Must | G6: 10.5 | H6: — | I6: Dokumen analisis disetujui dan menjadi acuan implementasi. | J6: Hari 1 | K6: In Progress
A7: 1.1.1 | B7: 3 | C7: BPMN swimlane alur tiket | D7: 5 lane (Customer, Live Chat System, CS Agent, Supervisor, Admin); alur tiket, eskalasi L2, timer SLA, CSAT, auto-close. | E7: Semua | F7: Must | G7: 3 | H7: 1.1 | I7: PDF A3 berisi seluruh alur utama + cabang eskalasi. | J7: Hari 1 | K7: Done
A8: 1.1.2 | B8: 3 | C8: WBS modul & fitur | D8: Dekomposisi modul, fitur, estimasi, dependency, acceptance criteria, dan target harian. | E8: Semua | F8: Must | G8: 2 | H8: 1.1 | I8: WBS dapat ditelusuri ke elemen BPMN (kolom Ref BPMN). | J8: Hari 1 | K8: Done
A9: 1.1.3 | B9: 3 | C9: ERD & database schema | D9: 12 tabel: users, categories, tickets, ticket_messages, message_receipts, ticket_events, attachments, canned_responses, kb_articles, devices, notifications, ai_logs. | E9: S1, S4, S6 | F9: Must | G9: 2 | H9: 1.1 | I9: ERD final + file migrasi SQL berjalan tanpa error. | J9: Hari 1 | K9: Planned
A10: 1.1.4 | B10: 3 | C10: Kontrak REST API & event Socket.IO | D10: Daftar endpoint, payload, event realtime (message:new, ack, typing, presence, ticket:update), aturan error & idempotensi. | E10: S6, A2 | F10: Must | G10: 1.5 | H10: 1.1 | I10: Dokumentasi API konsisten dipakai web, widget, dan mobile. | J10: Hari 1 | K10: Planned
A11: 1.1.5 | B11: 3 | C11: Wireframe 3 kanal | D11: Wireframe widget chat, dashboard agent, dan mobile app (customer & agent mode). | E11: C1, A1, A2 | F11: Should | G11: 1 | H11: 1.1 | I11: Alur utama tiap kanal dapat didemokan tanpa dead-end. | J11: Hari 1 | K11: Planned
A12: 1.1.6 | B12: 3 | C12: Arsitektur realtime & model keamanan | D12: Topologi Socket.IO, reconnect/replay, JWT + refresh token, RBAC 4 role, validasi upload, rate limit. | E12: S6 | F12: Must | G12: 1 | H12: 1.1 | I12: Threat model singkat + diagram arsitektur di README. | J12: Hari 1 | K12: Planned
A13: 1.2 | B13: 2 | C13: Backend Core (Node.js + Express + Socket.IO + SQLite) | D13: API, autentikasi, lifecycle tiket, chat realtime, SLA, notifikasi, AI, laporan. | E13: S1-S8, A1-A7 | F13: Must | G13: 39 | H13: 1.1 | I13: Seluruh API teruji dan lolos integration test. | J13: Hari 1-2 | K13: Planned
A14: 1.2.1 | B14: 3 | C14: Scaffold, config, migrasi DB | D14: Struktur folder, env, logger, error handler, migrasi + seed runner, SQLite WAL. | E14: S1 | F14: Must | G14: 1.5 | H14: 1.1.3 | I14: `npm run migrate && npm run seed` sukses dari repo bersih. | J14: Hari 1 | K14: Planned
A15: 1.2.2 | B15: 3 | C15: Auth JWT + RBAC 4 role | D15: Login customer/agent/supervisor/admin, refresh token, guard per endpoint & event. | E15: S1, A1, P1, D1 | F15: Must | G15: 3 | H15: 1.2.1 | I15: Akses lintas role ditolak (403) dan diuji. | J15: Hari 2 | K15: Planned
A16: 1.2.3 | B16: 3 | C16: Manajemen user & agent | D16: CRUD user, status aktif, penugasan tim, profil agent. | E16: D1 | F16: Must | G16: 1.5 | H16: 1.2.2 | I16: Admin dapat menonaktifkan agent; sesi aktif ikut dicabut. | J16: Hari 2 | K16: Planned
... A76: 1.7.4 | B76: 3 | C76: Buffer | D76: Cadangan waktu untuk perbaikan tak terduga. | E76: — | F76: Must | G76: 0.5 | H76: — | I76: Dipakai hanya bila ada blocker. | J76: Hari 4 | K76: Planned
A77: TOTAL | G77: =SUMIF(B5:B76,3,G5:G76) | H77: jam-orang | I77: Must-first: estimasi penuh 104.5 jam; kapasitas efektif 4 hari ± 46 jam, selisih ditutup dengan bantuan AI & pemangkasan Should/Could.

Sheet Ringkasan
A1: RINGKASAN WBS
A2: Rekap estimasi per modul, prioritas, dan kesiapan waktu pengerjaan.
A4: Kode | B4: Modul | C4: Jumlah Fitur | D4: Estimasi (jam) | E4: Must | F4: Should | G4: Could
A5: 1.1 | B5: Analisis & Desain | C5: =COUNTIFS(WBS!$A$5:$A$76,"1.1.*") | D5: =SUMIFS(WBS!$G$5:$G$76,WBS!$A$5:$A$76,"1.1.*") | E5: =COUNTIFS(WBS!$A$5:$A$76,"1.1.*",WBS!$F$5:$F$76,"Must") | F5: =COUNTIFS(WBS!$A$5:$A$76,"1.1.*",WBS!$F$5:$F$76,"Should") | G5: =COUNTIFS(WBS!$A$5:$A$76,"1.1.*",WBS!$F$5:$F$76,"Could")
A6: 1.2 | B6: Backend Core (Node.js + Express + Socket.IO + SQLite) | C6: =COUNTIFS(WBS!$A$5:$A$76,"1.2.*") | D6: =SUMIFS(WBS!$G$5:$G$76,WBS!$A$5:$A$76,"1.2.*") | E6: =COUNTIFS(WBS!$A$5:$A$76,"1.2.*",WBS!$F$5:$F$76,"Must") | F6: =COUNTIFS(WBS!$A$5:$A$76,"1.2.*",WBS!$F$5:$F$76,"Should") | G6: =COUNTIFS(WBS!$A$5:$A$76,"1.2.*",WBS!$F$5:$F$76,"Could")
A7: 1.3 | B7: Web App — Agent Dashboard | C7: =COUNTIFS(WBS!$A$5:$A$76,"1.3.*") | D7: =SUMIFS(WBS!$G$5:$G$76,WBS!$A$5:$A$76,"1.3.*") | E7: =COUNTIFS(WBS!$A$5:$A$76,"1.3.*",WBS!$F$5:$F$76,"Must") | F7: =COUNTIFS(WBS!$A$5:$A$76,"1.3.*",WBS!$F$5:$F$76,"Should") | G7: =COUNTIFS(WBS!$A$5:$A$76,"1.3.*",WBS!$F$5:$F$76,"Could")
A8: 1.4 | B8: Live Chat Widget (JavaScript) | C8: =COUNTIFS(WBS!$A$5:$A$76,"1.4.*") | D8: =SUMIFS(WBS!$G$5:$G$76,WBS!$A$5:$A$76,"1.4.*") | E8: =COUNTIFS(WBS!$A$5:$A$76,"1.4.*",WBS!$F$5:$F$76,"Must") | F8: =COUNTIFS(WBS!$A$5:$A$76,"1.4.*",WBS!$F$5:$F$76,"Should") | G8: =COUNTIFS(WBS!$A$5:$A$76,"1.4.*",WBS!$F$5:$F$76,"Could")
A9: 1.5 | B9: Mobile App (Flutter) | C9: =COUNTIFS(WBS!$A$5:$A$76,"1.5.*") | D9: =SUMIFS(WBS!$G$5:$G$76,WBS!$A$5:$A$76,"1.5.*") | E9: =COUNTIFS(WBS!$A$5:$A$76,"1.5.*",WBS!$F$5:$F$76,"Must") | F9: =COUNTIFS(WBS!$A$5:$A$76,"1.5.*",WBS!$F$5:$F$76,"Should") | G9: =COUNTIFS(WBS!$A$5:$A$76,"1.5.*",WBS!$F$5:$F$76,"Could")
A10: 1.6 | B10: QA, DevOps & Dokumentasi | C10: =COUNTIFS(WBS!$A$5:$A$76,"1.6.*") | D10: =SUMIFS(WBS!$G$5:$G$76,WBS!$A$5:$A$76,"1.6.*") | E10: =COUNTIFS(WBS!$A$5:$A$76,"1.6.*",WBS!$F$5:$F$76,"Must") | F10: =COUNTIFS(WBS!$A$5:$A$76,"1.6.*",WBS!$F$5:$F$76,"Should") | G10: =COUNTIFS(WBS!$A$5:$A$76,"1.6.*",WBS!$F$5:$F$76,"Could")
A11: 1.7 | B11: Manajemen Proyek | C11: =COUNTIFS(WBS!$A$5:$A$76,"1.7.*") | D11: =SUMIFS(WBS!$G$5:$G$76,WBS!$A$5:$A$76,"1.7.*") | E11: =COUNTIFS(WBS!$A$5:$A$76,"1.7.*",WBS!$F$5:$F$76,"Must") | F11: =COUNTIFS(WBS!$A$5:$A$76,"1.7.*",WBS!$F$5:$F$76,"Should") | G11: =COUNTIFS(WBS!$A$5:$A$76,"1.7.*",WBS!$F$5:$F$76,"Could")
A12: TOTAL | B12: Seluruh modul | C12: =SUM(C5:C11) | D12: =SUM(D5:D11) | E12: =SUM(E5:E11) | F12: =SUM(F5:F11) | G12: =SUM(G5:G11)
A14: Catatan kapasitas
A15: • Estimasi total 104.5 jam-orang untuk kualitas produksi (bukan durasi kalender).
A16: • Eksekusi solo: Hari 1 (10 jam), Hari 2 (14 jam), Hari 3 (14 jam), Hari 4 (8 jam) = ± 46 jam efektif.
A17: • Selisih ditutup dengan bantuan AI (diizinkan soal), prioritas Must, dan penundaan Should/Could.
A18: • Fitur opsional (AI auto-reply + push notification) tetap dikerjakan karena bernilai plus.

Sheet Timeline
A1: RENCANA EKSEKUSI 4 HARI
A3: Hari / Tanggal | B3: Fokus | C3: Aktivitas utama | D3: Deliverable | E3: Jam | F3: Definition of Done
A4: Hari 1 — Kamis, 22 Okt 2026 | B4: Analisis & desain | C4: Finalisasi scope, BPMN swimlane, WBS, ERD, kontrak API/event, wireframe, scaffold repo & migrasi database. | D4: BPMN PDF, WBS XLSX, ERD, API contract | E4: 10 | F4: Semua dokumen desain selesai dan repo dapat dijalankan (server + DB kosong).
A5: Hari 2 — Jumat, 23 Okt 2026 | B5: Backend & widget | C5: Auth/RBAC, tiket, SLA, chat realtime, idempotensi & replay, AI adapter, seed, unit/integration test, widget chat. | D5: API berjalan, widget demo, test hijau | E5: 14 | F5: Chat widget ↔ dashboard agent realtime; reconnect tanpa duplikat.
A6: Hari 3 — Sabtu, 24 Okt 2026 | B6: Web dashboard & mobile app | C6: Inbox & detail tiket, aksi tiket, laporan, admin panel, Flutter customer/agent, offline queue, local notification, build APK. | D6: Web app lengkap, APK release | E6: 14 | F6: Tiga kanal (widget, web, mobile) saling terhubung; APK terpasang.
A7: Hari 4 — Minggu, 25 Okt 2026 | B7: QA, dokumentasi & submission | C7: Uji alur lintas kanal, uji putus-sambung, bug fixing, README & screenshot, export PDF/XLSX, publish repo publik, kirim email. | D7: Repo publik + PDF + XLSX + APK | E7: 8 | F7: Email terkirim sebelum 23:59 WIB (target 09.00 WIB).

Sheet Risiko
A1: RISIKO & MITIGASI
A3: No | B3: Risiko | C3: Dampak | D3: Probabilitas | E3: Mitigasi | F3: Pemicu
A4: 1 | B4: Build APK gagal (lisensi/SDK/Gradle) | C4: Tinggi | D4: Sedang | E4: Terima lisensi Android lebih awal, build debug di Hari 2, siapkan fallback APK debug atau tautan Drive. | F4: flutter doctor / build error
A5: 2 | B5: Realtime tidak stabil saat jaringan putus | C5: Tinggi | D5: Tinggi | E5: Outbox + retry backoff, replay sync:since, idempotensi client_message_id, uji airplane mode & server restart. | F5: Pesan hilang/duplikat saat uji
A6: 3 | B6: Waktu 3,5 hari tidak cukup | C6: Tinggi | D6: Tinggi | E6: Must-first, bangun vertical slice lebih dulu, hentikan Should/Could bila waktu habis. | F6: Progres harian < 70% target
A7: 4 | B7: API key AI tidak tersedia | C7: Sedang | D7: Sedang | E7: Fallback rule-based dari knowledge base, adapter dapat dikonfigurasi via env. | F7: AI tidak merespons / 401
A8: 5 | B8: Konkurensi SQLite (database locked) | C8: Sedang | D8: Rendah | E8: Aktifkan WAL, satu writer, transaksi pendek, index pada kolom filter. | F8: Error SQLITE_BUSY
A9: 6 | B9: Reviewer tidak dapat mengakses repo/APK | C9: Sedang | D9: Rendah | E9: Repo publik, README langkah setup, akun demo, tautan APK di README & email. | F9: 404 / izin ditolak
A10: 7 | B10: Push notification butuh konfigurasi FCM | C10: Rendah | D10: Sedang | E10: Default local notification dari event socket; struktur siap FCM bila config tersedia. | F10: google-services.json tidak ada

Sheet Legenda
A1: LEGENDA, ASUMSI & TRACEABILITY
A3: A. PRIORITAS
A4: Must | B4: Wajib, menjadi syarat deliverable dan fitur inti pada instruksi PDF.
A5: Should | B5: Penting untuk kualitas & kelengkapan, dikerjakan setelah Must stabil.
A6: Could | B6: Nilai tambah, dikerjakan bila waktu tersisa.
A8: B. STATUS
A9: Planned | B9: Belum dikerjakan.
A10: In Progress | B10: Sedang dikerjakan.
A11: Done | B11: Selesai & terverifikasi.
A12: Blocked | B12: Terhambat, butuh keputusan.
A14: C. AKTOR & HAK AKSES (RBAC)
A15: Customer | B15: Membuat tiket & chat dari widget atau mobile app.
A16: CS Agent | B16: Menangani tiket, membalas chat, eskalasi, resolve.
A17: Supervisor | B17: Menerima eskalasi, memantau SLA/beban kerja, meninjau CSAT.
A18: Admin | B18: Mengelola user, role, kategori, SLA, knowledge base, audit log.
A20: D. ASUMSI PROSES & TEKNIS
A21: Kanal | B21: Live Chat Widget (web), Web App untuk agent/supervisor/admin, Mobile App (customer & agent mode).
A22: Realtime | B22: Socket.IO; satu koneksi per klien, room per tiket, heartbeat, reconnect, replay pesan (sync:since), fallback polling.
A23: SLA default | B23: First response 15 menit, resolusi 1x24 jam (dapat diubah admin per kategori).
A24: Prioritas | B24: Low, Medium, High, Urgent; memengaruhi urutan antrean & target SLA.
A25: Status tiket | B25: New → Assigned → On Progress ⇄ Pending → Resolved → Closed; reopen ≤ 7 hari; auto-close 7 hari setelah Resolved.
A26: Guest chat | B26: Widget dapat dipakai tanpa login (nama + email), sesi disimpan di browser.
A27: AI auto-reply | B27: Menjawab dari knowledge base; jika API key tidak tersedia memakai fallback rule-based; tidak menutup tiket otomatis.
A28: Push notification | B28: Local notification dari event realtime; struktur siap FCM.
A29: Database | B29: SQLite (mode WAL) untuk kemudahan review; skema kompatibel PostgreSQL.
A30: Keamanan | B30: JWT + refresh token, RBAC per endpoint/event, validasi upload, rate limit.
A32: E. TRACEABILITY BPMN → WBS
A33: C0-C5 | B33: Lane Customer: start, buka widget/app, pre-chat, diskusi, konfirmasi & CSAT, selesai.
A34: S1-S8 | B34: Lane Live Chat System: buat tiket, AI, klasifikasi/SLA, notifikasi, relay pesan, timer SLA, simpan CSAT/auto-close.
A35: A1-A7 | B35: Lane CS Agent: ambil tiket, analisis, eskalasi, solusi, tangani L2, resolve.
A36: P1-P3 | B36: Lane Supervisor: review eskalasi, setujui & pantau, tinjau CSAT rendah.
A37: D1-D4 | B37: Lane Admin (periodik): user & role, kategori/SLA, KB & canned response, audit & laporan.
